City,Lat,Lng,Max Temp,Humidity,Cloudiness,Wind Speed,Country,Date,Max_Temp,Cloudiness ,Wind_Speed
Oloron-Sainte-Marie,43.1944,-0.6107,0,89,0,0,FR,1634949177,51.73,89.0,2.42
Chui,-33.6971,-53.4616,0,75,0,0,UY,1634948638,57.11,48.0,5.93
Esso,55.9333,158.7,0,87,0,0,RU,1634949177,27.41,55.0,2.73
Rikitea,-23.1203,-134.9692,0,82,0,0,PF,1634949178,74.1,11.0,20.78
Garissa,-0.4536,39.6401,0,74,0,0,KE,1634949178,74.86,63.0,12.73
Saskylakh,71.9167,114.0833,0,100,0,0,RU,1634948669,-10.62,94.0,3.04
Hue,16.4667,107.6,0,100,0,0,VN,1634949178,68.11,75.0,6.91
Ngunguru,-35.6167,174.5,0,94,0,0,NZ,1634949179,59.16,100.0,23.69
Amarante do Maranhão,-5.5667,-46.7422,0,94,0,0,BR,1634949179,73.31,100.0,0.63
East London,-33.0153,27.9116,0,83,0,0,ZA,1634948331,63.41,54.0,8.86
taolanaro,0.0,0.0,0,0,0,0,,,,,
George Town,5.4112,100.3354,0,90,0,0,MY,1634948535,80.53,20.0,3.44
Nabire,-3.3667,135.4833,0,91,0,0,ID,1634949179,76.06,100.0,2.46
Hithadhoo,-0.6,73.0833,0,73,0,0,MV,1634948638,82.04,48.0,11.23
Bluff,-46.6,168.3333,0,65,0,0,NZ,1634948596,56.75,100.0,6.38
Avarua,-21.2078,-159.775,0,60,0,0,CK,1634948391,75.25,20.0,8.05
Touros,-5.1989,-35.4608,0,80,0,0,BR,1634948325,81.5,60.0,10.13
Pangnirtung,66.1451,-65.7125,0,57,0,0,CA,1634949180,24.12,96.0,7.9
Albany,42.6001,-73.9662,0,75,0,0,US,1634948598,51.46,87.0,6.38
Maragogi,-9.0122,-35.2225,0,84,0,0,BR,1634948954,77.79,5.0,7.47
Broome,42.2506,-75.833,0,74,0,0,US,1634948935,47.61,1.0,6.91
Laas,46.6166,10.7002,0,83,0,0,IT,1634949180,47.66,18.0,4.07
Cidreira,-30.1811,-50.2056,0,87,0,0,BR,1634948338,65.37,0.0,9.55
Sørland,67.667,12.6934,0,50,0,0,NO,1634948597,40.68,100.0,2.48
Mataura,-46.1927,168.8643,0,44,0,0,NZ,1634948396,69.53,98.0,1.32
Solnechnyy,50.7214,136.6319,0,65,0,0,RU,1634949181,39.63,96.0,3.0
Tual,-5.6667,132.75,0,71,0,0,ID,1634948412,83.08,92.0,8.3
Mitsamiouli,-11.3847,43.2844,0,77,0,0,KM,1634949181,76.48,85.0,8.05
Karpathos,35.507,27.2132,0,82,0,0,GR,1634949182,64.36,4.0,4.61
Havøysund,70.9963,24.6622,0,62,0,0,NO,1634949182,32.88,100.0,12.39
Pingliang,35.5392,106.6861,0,77,0,0,CN,1634949182,43.2,100.0,4.27
Bogota,4.6097,-74.0817,0,100,0,0,CO,1634949070,54.91,75.0,3.44
Lagoa,39.05,-27.9833,0,85,0,0,PT,1634948615,68.61,63.0,13.78
potgietersrus,0.0,0.0,0,0,0,0,,,,,
São Bernardo,-3.3614,-42.4178,0,91,0,0,BR,1634949183,75.76,58.0,3.62
Odienné,9.51,-7.5692,0,96,0,0,CI,1634949183,71.64,4.0,3.4
Hermanus,-34.4187,19.2345,0,87,0,0,ZA,1634948597,58.8,100.0,30.58
Norman Wells,65.282,-126.8329,0,65,0,0,CA,1634948425,44.64,75.0,18.41
Ushuaia,-54.8,-68.3,0,70,0,0,AR,1634948517,42.46,20.0,8.05
Cape Town,-33.9258,18.4232,0,85,0,0,ZA,1634948415,58.08,75.0,5.99
Dingle,10.9995,122.6711,0,86,0,0,PH,1634948429,80.29,63.0,9.48
Castro,-24.7911,-50.0119,0,77,0,0,BR,1634948332,57.06,0.0,3.47
Las Lomas,8.4333,-82.4,0,88,0,0,PA,1634949184,79.27,75.0,3.44
Teya,60.3778,92.6267,0,80,0,0,RU,1634949184,32.86,96.0,14.07
Longyearbyen,78.2186,15.6401,0,86,0,0,SJ,1634948386,15.64,20.0,1.14
Mackay,-21.15,149.2,0,62,0,0,AU,1634949185,92.68,40.0,16.11
Tessalit,20.1986,1.0114,0,22,0,0,ML,1634948686,81.0,0.0,8.3
Inhambane,-23.865,35.3833,0,67,0,0,MZ,1634948687,72.18,13.0,14.67
Mar del Plata,-38.0023,-57.5575,0,86,0,0,AR,1634948325,56.08,90.0,3.0
Carnarvon,-24.8667,113.6333,0,38,0,0,AU,1634948616,75.27,0.0,17.27
Port Alfred,-33.5906,26.891,0,83,0,0,ZA,1634948625,61.68,90.0,8.43
amderma,0.0,0.0,0,0,0,0,,,,,
Provideniya,64.3833,-173.3,0,72,0,0,RU,1634948320,27.77,100.0,8.25
Samarai,-10.6167,150.6667,0,70,0,0,PG,1634948630,82.29,100.0,12.33
Mianyang,31.4593,104.7542,0,90,0,0,CN,1634949186,55.38,100.0,3.2
San Ignacio,17.1561,-89.0714,0,79,0,0,BZ,1634949186,84.34,20.0,4.61
Poum,-20.2333,164.0167,0,75,0,0,NC,1634948600,74.66,2.0,12.46
Myaundzha,63.0494,147.1858,0,93,0,0,RU,1634949186,4.46,90.0,2.15
tsihombe,0.0,0.0,0,0,0,0,,,,,
Bambous Virieux,-20.3428,57.7575,0,100,0,0,MU,1634948707,72.21,75.0,3.44
Bukachacha,52.9833,116.9167,0,64,0,0,RU,1634949187,36.16,12.0,1.34
Ancud,-41.8697,-73.8203,0,67,0,0,CL,1634948629,48.42,66.0,11.88
Aden,12.7794,45.0367,0,69,0,0,YE,1634949187,83.43,6.0,13.11
Samandağ,36.0842,35.9771,0,55,0,0,TR,1634949188,54.12,0.0,2.53
Ostrovnoy,68.0531,39.5131,0,64,0,0,RU,1634948427,34.34,100.0,23.35
Tasiilaq,65.6145,-37.6368,0,86,0,0,GL,1634948592,37.56,100.0,9.28
Hong Kong,22.2855,114.1577,0,78,0,0,HK,1634948542,68.25,99.0,1.99
Sur,22.5667,59.5289,0,60,0,0,OM,1634949188,80.58,0.0,2.95
Barrow,71.2906,-156.7887,0,86,0,0,US,1634948378,30.22,90.0,5.75
Lüderitz,-26.6481,15.1594,0,87,0,0,NA,1634948662,55.31,0.0,7.07
Dikson,73.5069,80.5464,0,86,0,0,RU,1634948339,14.0,100.0,15.75
Bumba,2.1833,22.4667,0,94,0,0,CD,1634949189,69.08,6.0,2.82
Córdoba,-31.4135,-64.1811,0,66,0,0,AR,1634948926,70.59,75.0,19.57
Butaritari,3.0707,172.7902,0,78,0,0,KI,1634948680,82.42,100.0,18.12
San Quintín,30.4833,-115.95,0,81,0,0,MX,1634949189,64.63,5.0,18.99
Hilo,19.7297,-155.09,0,71,0,0,US,1634948597,80.33,75.0,10.36
Palauig,15.435,119.9045,0,67,0,0,PH,1634949189,84.4,100.0,1.68
Mossamedes,-15.1961,12.1522,0,71,0,0,AO,1634948730,64.67,45.0,12.64
Los Llanos de Aridane,28.6585,-17.9182,0,77,0,0,ES,1634948350,65.95,75.0,9.22
Fare,-16.7,-151.0167,0,89,0,0,PF,1634949190,76.69,100.0,22.93
Kiryat Gat,31.61,34.7642,0,67,0,0,IL,1634948446,68.4,0.0,4.18
Alice Town,25.7167,-79.3,0,77,0,0,BS,1634949190,81.03,100.0,13.69
Palmer,42.1584,-72.3287,0,68,0,0,US,1634948458,61.41,20.0,12.66
Puerto Ayora,-0.7393,-90.3518,0,84,0,0,EC,1634948595,70.16,57.0,8.28
Kruisfontein,-34.0033,24.7314,0,83,0,0,ZA,1634948652,57.43,99.0,5.91
Mandya,12.5242,76.8958,0,96,0,0,IN,1634949191,69.22,100.0,1.39
Sri Aman,1.2376,111.4621,0,94,0,0,MY,1634949191,75.25,20.0,2.3
Vaini,-21.2,-175.2,0,78,0,0,TO,1634948615,78.96,40.0,12.66
Saint-Philippe,-21.3585,55.7679,0,82,0,0,RE,1634948605,72.95,21.0,9.06
Batticaloa,7.7102,81.6924,0,85,0,0,LK,1634949192,78.33,9.0,5.28
Ribeira Grande,38.5167,-28.7,0,85,0,0,PT,1634948411,69.58,58.0,7.54
Katherine,-14.4667,132.2667,0,58,0,0,AU,1634948491,88.12,40.0,8.05
Ust'-Ilimsk,58.0006,102.6619,0,80,0,0,RU,1634949192,33.84,81.0,4.56
Busselton,-33.65,115.3333,0,65,0,0,AU,1634948370,60.04,2.0,5.41
Omboué,-1.5746,9.2618,0,87,0,0,GA,1634949086,76.98,100.0,6.51
Anloga,5.7947,0.8973,0,82,0,0,GH,1634948716,75.42,92.0,11.21
Huarmey,-10.0681,-78.1522,0,84,0,0,PE,1634948663,64.38,22.0,9.64
Sechura,-5.5569,-80.8222,0,76,0,0,PE,1634948674,68.58,87.0,16.42
Saint-Joseph,-21.3667,55.6167,0,80,0,0,RE,1634948744,71.96,10.0,4.23
Zhalantun,48.0,122.7167,0,42,0,0,CN,1634949193,44.98,7.0,4.85
Atuona,-9.8,-139.0333,0,79,0,0,PF,1634949193,77.9,23.0,16.69
Nokaneng,-19.6667,22.2667,0,42,0,0,BW,1634949193,79.48,69.0,6.11
Lahat,-3.8,103.5333,0,93,0,0,ID,1634948660,74.73,99.0,0.85
Jamestown,42.097,-79.2353,0,81,0,0,US,1634948582,46.29,75.0,3.44
Saldanha,-33.0117,17.9442,0,87,0,0,ZA,1634948621,55.45,100.0,25.61
Andros Town,24.7,-77.7667,0,77,0,0,BS,1634949194,75.16,100.0,14.38
Pevek,69.7008,170.3133,0,90,0,0,RU,1634948594,12.76,100.0,6.87
Ahipara,-35.1667,173.1667,0,94,0,0,NZ,1634948732,60.39,100.0,20.58
Bengkulu,-3.8004,102.2655,0,86,0,0,ID,1634948655,76.57,97.0,2.35
bargal,0.0,0.0,0,0,0,0,,,,,
Punta Arenas,-53.15,-70.9167,0,81,0,0,CL,1634948940,39.31,20.0,26.46
Tuktoyaktuk,69.4541,-133.0374,0,93,0,0,CA,1634948596,33.8,75.0,12.66
Jumla,29.2747,82.1838,0,90,0,0,NP,1634948987,47.35,5.0,4.32
Novy Urengoy,66.0833,76.6333,0,95,0,0,RU,1634948746,28.13,94.0,7.38
Payakumbuh,-0.2202,100.6308,0,88,0,0,ID,1634949195,75.36,96.0,0.45
Hobyo,5.3505,48.5268,0,81,0,0,SO,1634948654,78.46,10.0,10.25
Nouadhibou,20.931,-17.0347,0,73,0,0,MR,1634949195,71.58,59.0,12.66
Karasjok,69.4719,25.5112,0,97,0,0,NO,1634949196,26.71,78.0,3.71
karamea,0.0,0.0,0,0,0,0,,,,,
Geraldton,-28.7667,114.6,0,59,0,0,AU,1634948458,65.12,0.0,8.05
Sarangani,5.4033,125.4636,0,79,0,0,PH,1634949196,81.32,100.0,12.55
Sorata,-15.7667,-68.6333,0,86,0,0,BO,1634949196,48.2,68.0,4.76
Ichhāwar,23.0167,77.0167,0,70,0,0,IN,1634949197,66.29,0.0,2.48
mys shmidta,0.0,0.0,0,0,0,0,,,,,
Guerrero Negro,27.9769,-114.0611,0,73,0,0,MX,1634948724,69.85,1.0,18.32
Shiraz,29.6036,52.5388,0,43,0,0,IR,1634949197,51.24,0.0,0.0
Kwang Binh,17.4833,106.6,0,88,0,0,VN,1634949198,66.24,100.0,15.3
Kyabé,9.4515,18.9449,0,84,0,0,TD,1634949198,74.44,22.0,4.43
Melendugno,40.2747,18.3368,0,100,0,0,IT,1634949198,67.05,20.0,6.91
Blagoyevo,63.3667,47.9167,0,93,0,0,RU,1634949199,36.97,100.0,10.94
Coahuayana Viejo,18.7333,-103.6833,0,86,0,0,MX,1634948714,83.68,92.0,4.25
Syracuse,37.0881,15.2792,0,83,0,0,IT,1634949090,68.05,47.0,3.96
Adrar,20.5022,-10.0711,0,22,0,0,MR,1634948503,73.8,15.0,8.34
Kalmunai,7.4167,81.8167,0,85,0,0,LK,1634948599,77.76,43.0,5.37
Okha,53.5739,142.9478,0,80,0,0,RU,1634949199,39.85,100.0,16.06
Thompson,55.7435,-97.8558,0,80,0,0,CA,1634948327,33.96,90.0,6.91
Tsumeb,-19.2333,17.7167,0,20,0,0,NA,1634949200,70.03,4.0,9.73
Perth,-31.9333,115.8333,0,60,0,0,AU,1634949069,67.01,0.0,12.66
Oxford,51.7522,-1.256,0,89,0,0,GB,1634949200,49.6,90.0,1.14
Bubaque,11.2833,-15.8333,0,76,0,0,GW,1634949201,83.14,76.0,11.81
Majene,-3.5403,118.9707,0,75,0,0,ID,1634949201,83.25,7.0,1.72
Kalutara,6.5831,79.9593,0,80,0,0,LK,1634949201,77.09,15.0,4.54
hihifo,0.0,0.0,0,0,0,0,,,,,
Kulachi,31.9286,70.4592,0,23,0,0,PK,1634949202,73.78,0.0,7.67
Brae,60.3964,-1.353,0,65,0,0,GB,1634948608,39.11,74.0,4.83
Klaksvík,62.2266,-6.589,0,72,0,0,FO,1634948672,45.52,82.0,23.58
Lesnoy,57.6198,63.0784,0,84,0,0,RU,1634949202,47.7,100.0,13.78
Nikolskoye,59.7035,30.7861,0,74,0,0,RU,1634949202,44.87,100.0,12.84
hebertville,0.0,0.0,0,0,0,0,,,,,
Chokurdakh,70.6333,147.9167,0,99,0,0,RU,1634949091,-10.8,99.0,2.95
Zyryanka,65.75,150.85,0,81,0,0,RU,1634949203,-1.46,44.0,2.26
Puerto Quijarro,-17.7833,-57.7667,0,54,0,0,BO,1634949203,84.31,0.0,4.52
Faya,18.3851,42.4509,0,35,0,0,SA,1634948657,55.92,29.0,6.15
Noumea,-22.2763,166.4572,0,75,0,0,NC,1634949203,82.38,1.0,9.55
San Cristobal,7.7669,-72.225,0,94,0,0,VE,1634949204,73.58,27.0,1.95
Alofi,-19.0595,-169.9187,0,57,0,0,NU,1634948666,78.69,72.0,16.11
Río Gallegos,-51.6226,-69.2181,0,49,0,0,AR,1634949204,46.45,75.0,31.07
Udachny,66.4167,112.4,0,97,0,0,RU,1634949204,11.39,99.0,2.84
Khatanga,71.9667,102.5,0,98,0,0,RU,1634948464,-0.53,99.0,7.14
Warrington,53.3925,-2.5802,0,90,0,0,GB,1634949001,50.49,75.0,6.91
Faanui,-16.4833,-151.75,0,82,0,0,PF,1634948622,78.64,66.0,21.56
Nālūt,30.3333,10.85,0,28,0,0,LY,1634948639,72.88,25.0,12.1
Qingdao,36.0986,120.3719,0,87,0,0,CN,1634949205,46.0,94.0,4.47
Port Elizabeth,-33.918,25.5701,0,67,0,0,ZA,1634948606,61.09,0.0,3.44
Saint Paul Harbor,57.79,-152.4072,0,76,0,0,US,1634948351,44.11,90.0,18.41
Tigil',57.8,158.6667,0,94,0,0,RU,1634949206,30.88,100.0,6.55
Micheweni,-4.9667,39.8333,0,77,0,0,TZ,1634949206,75.38,71.0,3.76
Hobart,-42.8794,147.3294,0,93,0,0,AU,1634949033,56.01,75.0,1.01
Bethel,41.3712,-73.414,0,74,0,0,US,1634948647,62.04,90.0,0.0
Krasnosel'kup,65.7,82.4667,0,96,0,0,RU,1634948706,29.75,100.0,17.11
Arraial do Cabo,-22.9661,-42.0278,0,88,0,0,BR,1634949206,69.76,40.0,6.91
Kaitangata,-46.2817,169.8464,0,62,0,0,NZ,1634948645,60.26,100.0,5.68
Katsuura,35.1333,140.3,0,67,0,0,JP,1634948624,65.19,12.0,12.03
Beira,-19.8436,34.8389,0,88,0,0,MZ,1634949207,69.89,20.0,5.75
Vardø,70.3705,31.1107,0,60,0,0,NO,1634948960,35.15,100.0,20.67
Portland,45.5234,-122.6762,0,90,0,0,US,1634948802,58.51,75.0,1.99
La Cruz,23.9167,-106.9,0,81,0,0,MX,1634949207,78.96,0.0,6.4
Adré,13.4667,22.2,0,25,0,0,TD,1634949208,76.86,87.0,12.39
Chitipa,-9.7024,33.2697,0,74,0,0,MW,1634949208,64.38,78.0,5.48
Fortuna,40.5982,-124.1573,0,74,0,0,US,1634948438,60.37,20.0,1.01
Yanggu,36.1106,115.7753,0,50,0,0,CN,1634949208,54.05,99.0,4.5
Narsaq,60.9167,-46.05,0,99,0,0,GL,1634949209,37.62,100.0,3.94
Sinegorskiy,48.0139,40.8447,0,93,0,0,RU,1634949209,49.69,100.0,9.06
Qaqortoq,60.7167,-46.0333,0,98,0,0,GL,1634949209,37.9,100.0,2.08
Port Hedland,-20.3167,118.5667,0,14,0,0,AU,1634948738,95.05,27.0,8.05
Mahébourg,-20.4081,57.7,0,100,0,0,MU,1634948631,72.25,75.0,3.44
saleaula,0.0,0.0,0,0,0,0,,,,,
Lagunillas,10.1301,-71.2595,0,77,0,0,VE,1634949210,80.65,10.0,8.72
Bredasdorp,-34.5322,20.0403,0,82,0,0,ZA,1634949210,57.27,100.0,16.11
Kaniv,49.7518,31.46,0,67,0,0,UA,1634949211,50.11,91.0,12.88
Vestmannaeyjar,63.4427,-20.2734,0,97,0,0,IS,1634948742,48.9,100.0,13.22
Borogontsy,62.6683,131.1683,0,95,0,0,RU,1634948726,20.1,100.0,2.42
Coquimbo,-29.9533,-71.3436,0,82,0,0,CL,1634948455,56.93,0.0,8.05
Caravelas,-17.7125,-39.2481,0,84,0,0,BR,1634949211,73.67,100.0,6.76
Nicoya,10.1483,-85.452,0,92,0,0,CR,1634948394,76.55,72.0,2.42
macaboboni,0.0,0.0,0,0,0,0,,,,,
Praia,14.9215,-23.5087,0,65,0,0,CV,1634949212,79.34,20.0,12.66
Mulbāgal,13.1667,78.4,0,99,0,0,IN,1634949212,67.42,71.0,4.27
Prince Albert,53.2001,-105.7677,0,64,0,0,CA,1634949212,35.55,75.0,10.36
Cherskiy,68.75,161.3,0,97,0,0,RU,1634948619,0.09,100.0,3.36
viksoyri,0.0,0.0,0,0,0,0,,,,,
Airai,-8.9266,125.4092,0,51,0,0,TL,1634948724,73.53,96.0,1.25
Qaanaaq,77.484,-69.3632,0,66,0,0,GL,1634948637,-1.05,0.0,8.48
Sakakah,29.9697,40.2064,0,35,0,0,SA,1634949213,69.37,0.0,7.81
miranorte,0.0,0.0,0,0,0,0,,,,,
Papetoai,-17.4961,-149.8729,0,86,0,0,PF,1634948732,72.99,91.0,25.61
Palmas Bellas,9.2319,-80.0867,0,87,0,0,PA,1634949214,78.71,98.0,3.89
Straumen,63.8709,11.2999,0,97,0,0,NO,1634949214,40.5,100.0,3.56
Choya,52.0108,86.5467,0,91,0,0,RU,1634949214,30.87,13.0,3.6
Clyde River,70.4692,-68.5914,0,74,0,0,CA,1634948620,20.91,99.0,6.64
Minna,9.6139,6.5569,0,92,0,0,NG,1634949214,73.62,100.0,3.96
Eyl,7.9803,49.8164,0,80,0,0,SO,1634949215,76.68,9.0,3.49
Glens Falls,43.3095,-73.644,0,79,0,0,US,1634948734,51.51,1.0,1.01
Mporokoso,-9.3727,30.125,0,61,0,0,ZM,1634949215,69.37,100.0,1.97
Bolitoc,15.7395,119.8769,0,66,0,0,PH,1634949215,84.76,47.0,3.8
Mogadishu,2.0371,45.3438,0,81,0,0,SO,1634948697,79.16,83.0,11.52
palabuhanratu,0.0,0.0,0,0,0,0,,,,,
Garoowe,8.4054,48.4845,0,78,0,0,SO,1634949216,73.18,24.0,10.11
barentsburg,0.0,0.0,0,0,0,0,,,,,
Fairbanks,64.8378,-147.7164,0,57,0,0,US,1634948658,46.36,20.0,0.0
Evensk,61.95,159.2333,0,68,0,0,RU,1634948741,10.06,62.0,5.64
Huanren,41.2647,125.3667,0,51,0,0,CN,1634949217,47.01,0.0,1.01
Kapaa,22.0752,-159.319,0,77,0,0,US,1634949217,82.38,75.0,4.0
Paamiut,61.994,-49.6678,0,73,0,0,GL,1634949217,35.2,7.0,18.14
Isangel,-19.55,169.2667,0,70,0,0,VU,1634948698,84.31,20.0,9.22
vaitupu,0.0,0.0,0,0,0,0,,,,,
Mayo,38.8876,-76.5119,0,84,0,0,US,1634948670,64.13,20.0,0.0
Manono,-7.3,27.4167,0,86,0,0,CD,1634949218,69.39,90.0,1.14
Mehamn,71.0357,27.8492,0,66,0,0,NO,1634948731,32.29,100.0,14.07
Yellowknife,62.456,-114.3525,0,67,0,0,CA,1634948360,43.41,40.0,19.57
Muros,42.7762,-9.0603,0,88,0,0,ES,1634949218,56.23,2.0,6.24
Haines Junction,60.7522,-137.5108,0,81,0,0,CA,1634949218,39.15,100.0,1.14
San Patricio,28.017,-97.5169,0,75,0,0,US,1634949219,80.69,94.0,10.63
Jining,35.405,116.5814,0,1,0,0,CN,1634949219,54.0,81.0,4.81
Wanning,18.8003,110.3967,0,90,0,0,CN,1634948456,69.85,91.0,13.22
San Vicente,-26.6167,-54.1333,0,72,0,0,AR,1634949220,61.79,3.0,3.24
Beian,63.6559,9.5683,0,81,0,0,NO,1634949220,44.01,40.0,12.66
Cabo San Lucas,22.8909,-109.9124,0,67,0,0,MX,1634948358,85.6,1.0,5.99
Palu,-0.8917,119.8707,0,82,0,0,ID,1634949220,81.05,99.0,1.83
Shirokiy,49.758,129.523,0,62,0,0,RU,1634949220,42.64,8.0,10.69
illoqqortoormiut,0.0,0.0,0,0,0,0,,,,,
Slave Lake,55.2834,-114.769,0,66,0,0,CA,1634949221,46.38,90.0,9.22
nizhneyansk,0.0,0.0,0,0,0,0,,,,,
Ocós,14.5094,-92.1933,0,77,0,0,GT,1634949221,84.7,85.0,5.39
Nipawin,53.3668,-104.0009,0,80,0,0,CA,1634949012,33.84,1.0,10.36
Yuancheng,36.652,107.7896,0,59,0,0,CN,1634949222,45.16,93.0,7.58
Hualmay,-11.0964,-77.6139,0,83,0,0,PE,1634949155,63.01,37.0,10.56
attawapiskat,0.0,0.0,0,0,0,0,,,,,
lolua,0.0,0.0,0,0,0,0,,,,,
Mīnāb,27.1467,57.0801,0,17,0,0,IR,1634949194,74.7,0.0,12.3
Bartica,6.4,-58.6167,0,99,0,0,GY,1634949222,75.52,99.0,1.21
Lixouri,38.2019,20.4314,0,78,0,0,GR,1634949223,66.34,9.0,5.41
paradwip,0.0,0.0,0,0,0,0,,,,,
Trairi,-3.2778,-39.2689,0,78,0,0,BR,1634949011,79.84,99.0,8.75
Weyburn,49.6668,-103.8511,0,52,0,0,CA,1634949013,39.42,0.0,12.66
Bluefields,12.0137,-83.7635,0,84,0,0,NI,1634949223,78.93,24.0,4.38
Lebanon,36.2081,-86.2911,0,75,0,0,US,1634949211,58.96,90.0,3.44
grand river south east,0.0,0.0,0,0,0,0,,,,,
Ixtapa,20.7,-105.2,0,70,0,0,MX,1634948694,87.03,75.0,5.75
Dalhousie,32.5333,75.9833,0,70,0,0,IN,1634949224,46.65,96.0,6.98
Río Bueno,-40.3167,-72.9667,0,70,0,0,CL,1634949224,50.14,100.0,4.45
Leh,34.1667,77.5833,0,70,0,0,IN,1634949224,34.14,100.0,5.21
Souillac,-20.5167,57.5167,0,100,0,0,MU,1634949225,72.36,75.0,3.44
Morococha,-11.5997,-76.1411,0,62,0,0,PE,1634949225,41.47,26.0,3.83
Saint Peter,13.25,-59.6167,0,72,0,0,BB,1634948944,81.16,63.0,22.08
Saint-Paul,-21.0096,55.2707,0,91,0,0,RE,1634949225,73.49,1.0,1.99
Merritt Island,28.5392,-80.672,0,83,0,0,US,1634949225,79.07,1.0,3.44
Berbérati,4.2612,15.7922,0,98,0,0,CF,1634949226,68.0,99.0,0.92
Mahibadhoo,3.7833,72.9667,0,71,0,0,MV,1634949226,82.11,61.0,13.56
belushya guba,0.0,0.0,0,0,0,0,,,,,
Vao,-22.6667,167.4833,0,79,0,0,NC,1634949226,73.09,0.0,6.35
Hofn,64.2539,-15.2082,0,98,0,0,IS,1634949227,46.65,100.0,14.99
Kavaratti,10.5669,72.642,0,76,0,0,IN,1634948687,81.82,60.0,3.31
Tiksi,71.6872,128.8694,0,99,0,0,RU,1634949118,3.6,100.0,2.28
Saint George,37.1041,-113.5841,0,16,0,0,US,1634948536,79.27,1.0,1.99
Qarchak,35.4394,51.5689,0,36,0,0,IR,1634949227,54.27,0.0,3.13
Ostrov,57.3439,28.3537,0,87,0,0,RU,1634949228,38.93,100.0,9.06
Les Cayes,18.2,-73.75,0,80,0,0,HT,1634949228,79.86,85.0,7.05
Alenquer,-1.9417,-54.7383,0,89,0,0,BR,1634949228,77.34,100.0,1.36
Port Keats,-14.25,129.55,0,54,0,0,AU,1634949228,90.64,66.0,9.08
Port Blair,11.6667,92.75,0,90,0,0,IN,1634949229,76.3,100.0,9.71
Marawi,7.9986,124.2928,0,85,0,0,PH,1634948681,72.64,99.0,3.29
La Tuque,47.4334,-72.7824,0,75,0,0,CA,1634948954,41.25,69.0,6.91
Esperance,-33.8667,121.9,0,57,0,0,AU,1634949229,60.64,6.0,7.11
Tabou,4.423,-7.3528,0,90,0,0,CI,1634949229,76.42,57.0,6.53
Ambon City,-3.6954,128.1814,0,70,0,0,ID,1634949230,86.14,40.0,3.44
Tapejara,-28.0681,-52.0139,0,78,0,0,BR,1634949230,58.59,0.0,3.71
Khandyga,62.6667,135.6,0,92,0,0,RU,1634949230,14.9,99.0,2.68
Bud,39.447,-86.1758,0,95,0,0,US,1634949231,52.21,100.0,5.32
Iqaluit,63.7506,-68.5145,0,86,0,0,CA,1634948392,26.33,90.0,5.99
Yuzhno-Kurilsk,44.0306,145.8556,0,71,0,0,RU,1634949231,48.24,90.0,3.58
Birjand,32.8663,59.2211,0,16,0,0,IR,1634949163,32.47,0.0,6.91
Naze,28.3667,129.4833,0,56,0,0,JP,1634948676,70.72,55.0,15.14
Sittwe,20.15,92.9,0,83,0,0,MM,1634949231,76.19,100.0,3.94
Kumul,42.8,93.45,0,28,0,0,CN,1634949130,51.64,6.0,11.05
Bokoro,12.3807,17.0568,0,56,0,0,TD,1634949232,82.11,52.0,3.13
São Pedro da Aldeia,-22.8392,-42.1028,0,88,0,0,BR,1634948932,71.58,40.0,6.91
Losevo,50.6767,40.045,0,58,0,0,RU,1634949232,52.66,100.0,6.4
Sangar,63.9242,127.4739,0,95,0,0,RU,1634949233,19.44,100.0,6.13
Aksarka,66.5606,67.7975,0,97,0,0,RU,1634949233,25.83,99.0,6.76
Okhotsk,59.3833,143.3,0,74,0,0,RU,1634949233,21.83,31.0,14.05
Esfarāyen,37.0765,57.5101,0,24,0,0,IR,1634949233,29.86,0.0,1.36
Yangi Marg`ilon,40.4272,71.7189,0,65,0,0,UZ,1634949234,39.92,16.0,2.3
Izhma,65.0083,53.9113,0,99,0,0,RU,1634948694,33.15,100.0,6.2
Nobres,-14.7203,-56.3275,0,85,0,0,BR,1634949234,76.8,29.0,1.92
Ýpsonas,34.6884,32.9574,0,45,0,0,CY,1634949234,66.96,0.0,2.3
Husavik,66.0449,-17.3389,0,94,0,0,IS,1634949235,31.91,100.0,8.39
Laguna,38.421,-121.4238,0,61,0,0,US,1634949235,68.43,1.0,4.0
Büdingen,50.3,9.1167,0,91,0,0,DE,1634949235,48.88,44.0,3.15
Sumbe,-11.2061,13.8437,0,82,0,0,AO,1634949236,75.07,100.0,9.26
Pacific Grove,36.6177,-121.9166,0,84,0,0,US,1634949236,63.81,40.0,3.0
Kungurtug,50.5994,97.5228,0,59,0,0,RU,1634948680,26.49,29.0,1.32
Ponta do Sol,32.6667,-17.1,0,68,0,0,PT,1634949236,68.63,49.0,7.74
Morros,-9.4467,-46.3003,0,92,0,0,BR,1634949237,72.61,100.0,2.95
sentyabrskiy,0.0,0.0,0,0,0,0,,,,,
Hambantota,6.1241,81.1185,0,100,0,0,LK,1634949237,73.74,20.0,3.44
Kaeo,-35.1,173.7833,0,97,0,0,NZ,1634949237,59.32,100.0,18.63
Bonfim,3.0833,-59.95,0,76,0,0,BR,1634949238,79.03,100.0,4.47
Oakham,52.6667,-0.7333,0,92,0,0,GB,1634949238,47.88,75.0,2.3
Sioux Lookout,50.1001,-91.917,0,81,0,0,CA,1634949238,39.27,75.0,5.75
Qingquan,30.4511,115.2559,0,58,0,0,CN,1634949239,57.9,0.0,3.91
thilogne,0.0,0.0,0,0,0,0,,,,,
Buritis,-15.6178,-46.4233,0,73,0,0,BR,1634949239,74.89,89.0,2.91
Arrondissement de Vierzon,47.2101,2.0625,0,79,0,0,FR,1634949239,49.91,0.0,1.59
Iquique,-20.2208,-70.1431,0,75,0,0,CL,1634949240,60.84,53.0,2.37
Joshīmath,30.5667,79.5667,0,42,0,0,IN,1634949240,54.09,75.0,4.99
Guilin,25.2819,110.2864,0,78,0,0,CN,1634948653,57.31,97.0,5.53
Tuatapere,-46.1333,167.6833,0,53,0,0,NZ,1634949240,65.59,95.0,4.25
Sibut,5.718,19.0739,0,97,0,0,CF,1634949241,69.8,89.0,0.18
Ürümqi,43.801,87.6005,0,81,0,0,CN,1634948648,36.55,75.0,8.95
Maiduguri,11.8464,13.1603,0,55,0,0,NG,1634949241,80.44,14.0,4.12
Ramnagar,29.4,79.1167,0,64,0,0,IN,1634949241,63.88,0.0,5.12
Banda Aceh,5.5577,95.3222,0,77,0,0,ID,1634949242,80.71,100.0,0.51
Upernavik,72.7868,-56.1549,0,77,0,0,GL,1634949242,21.18,100.0,5.79
Loralai,30.3705,68.598,0,26,0,0,PK,1634949242,56.16,0.0,14.38
Bouna,9.2667,-3.0,0,91,0,0,CI,1634949243,73.63,13.0,4.74
Kiama,-34.6833,150.8667,0,69,0,0,AU,1634949243,80.01,86.0,11.99
Shingū,33.7333,135.9833,0,43,0,0,JP,1634949243,63.59,0.0,4.14
Moosomin,50.1333,-101.6677,0,79,0,0,CA,1634949244,34.23,33.0,9.44
Srandakan,-7.9386,110.2506,0,75,0,0,ID,1634949244,68.74,100.0,6.29
Port Macquarie,-31.4333,152.9167,0,62,0,0,AU,1634949096,79.9,0.0,10.8
Orativ,49.1889,29.527,0,72,0,0,UA,1634949244,46.8,17.0,8.14
Tura,25.5198,90.2201,0,80,0,0,IN,1634949245,66.04,0.0,3.53
Muş Province,39.0,41.75,0,31,0,0,TR,1634949245,42.85,0.0,2.44
Dimona,31.0667,35.0333,0,75,0,0,IL,1634949245,62.31,0.0,7.85
Gogrial,8.5332,28.1004,0,83,0,0,SS,1634949246,73.99,90.0,3.33
Pisco,-13.7,-76.2167,0,82,0,0,PE,1634948677,61.02,0.0,18.41
vylgort,0.0,0.0,0,0,0,0,,,,,
deh rawud,0.0,0.0,0,0,0,0,,,,,
Alta,69.9689,23.2717,0,87,0,0,NO,1634949246,29.44,40.0,3.44
Lázaro Cárdenas,17.9583,-102.2,0,86,0,0,MX,1634949246,78.55,100.0,5.39
Kautokeino,69.0125,23.0412,0,91,0,0,NO,1634949247,12.42,100.0,3.11
Voh,-20.9667,164.7,0,63,0,0,NC,1634949247,80.04,0.0,8.25
Concepción,-36.827,-73.0498,0,62,0,0,CL,1634949075,53.4,0.0,19.57
Westerland,54.9079,8.3033,0,53,0,0,DE,1634949247,50.02,20.0,25.32
New Norfolk,-42.7826,147.0587,0,87,0,0,AU,1634949248,55.65,100.0,0.81
Susanville,40.4163,-120.653,0,71,0,0,US,1634949248,49.82,20.0,8.99
Azanka,58.0401,64.7893,0,88,0,0,RU,1634949248,47.5,100.0,13.42
Severo-Kuril'sk,50.6789,156.125,0,69,0,0,RU,1634949249,41.86,53.0,10.63
toliary,0.0,0.0,0,0,0,0,,,,,
Bereda,43.2686,-7.5406,0,100,0,0,ES,1634949249,45.57,7.0,1.66
Kumbo,6.2,10.6667,0,97,0,0,CM,1634949249,59.4,100.0,1.54
Mokhsogollokh,61.4681,128.9203,0,98,0,0,RU,1634949250,32.4,100.0,4.09
Sola,-13.8833,167.55,0,74,0,0,VU,1634949250,86.67,75.0,5.75
Hongjiang,27.11,109.9956,0,86,0,0,CN,1634949250,54.23,32.0,2.57
Benguela,-12.5763,13.4055,0,74,0,0,AO,1634949251,74.52,100.0,2.98
Port Augusta,-32.5,137.7667,0,60,0,0,AU,1634948700,67.71,66.0,14.61
Tefé,-3.3542,-64.7114,0,82,0,0,BR,1634949251,75.42,11.0,0.27
Sfântu Gheorghe,45.8667,25.7833,0,92,0,0,RO,1634949251,55.27,100.0,2.89
Nantucket,41.2835,-70.0995,0,84,0,0,US,1634949252,64.51,40.0,9.22
Dudinka,69.4058,86.1778,0,96,0,0,RU,1634949252,22.73,100.0,11.27
Tazovsky,67.4667,78.7,0,96,0,0,RU,1634948733,21.88,92.0,2.44
Porto Belo,-27.1578,-48.5531,0,89,0,0,BR,1634949252,69.78,4.0,10.13
Kutum,14.2,24.6667,0,29,0,0,SD,1634949253,74.26,14.0,10.78
Ponta Delgada,37.7333,-25.6667,0,73,0,0,PT,1634948727,70.52,75.0,8.05
Uglovoye,44.8215,33.6045,0,84,0,0,UA,1634949253,55.56,100.0,10.0
Chernyshevskiy,63.0128,112.4714,0,88,0,0,RU,1634949253,30.88,80.0,5.84
Torbay,47.6666,-52.7314,0,86,0,0,CA,1634949254,52.57,90.0,8.05
Saint Paul,44.9444,-93.0933,0,66,0,0,US,1634949013,46.18,75.0,6.91
Tsimmerbude,54.675,20.1347,0,69,0,0,RU,1634949254,41.05,25.0,21.05
Gewanē,10.1664,40.6453,0,43,0,0,ET,1634949254,79.54,14.0,5.28
Fiumicino,41.7675,12.2291,0,81,0,0,IT,1634949255,66.0,0.0,4.61
Jalu,29.0331,21.5482,0,42,0,0,LY,1634948683,69.39,4.0,10.42
Ust-Kuyga,70.0167,135.6,0,100,0,0,RU,1634949255,-8.77,94.0,2.3
Beringovskiy,63.05,179.3167,0,80,0,0,RU,1634948701,17.62,100.0,14.63
Lebu,-37.6167,-73.65,0,65,0,0,CL,1634949255,50.68,61.0,17.38
Lata,40.1629,-8.3327,0,70,0,0,PT,1634948490,66.61,0.0,3.27
Corinth,37.9407,22.9573,0,78,0,0,GR,1634949256,67.44,8.0,5.08
Saint-Leu,-21.15,55.2833,0,91,0,0,RE,1634949256,72.43,1.0,4.14
Kahului,20.8947,-156.47,0,66,0,0,US,1634949010,84.22,20.0,24.16
Prainha,-1.8,-53.48,0,86,0,0,BR,1634949256,76.78,100.0,1.68
Northam,51.0333,-4.2167,0,80,0,0,GB,1634949257,52.39,100.0,7.83
Waingapu,-9.6567,120.2641,0,56,0,0,ID,1634949257,85.44,16.0,1.79
Malpe,13.35,74.7167,0,90,0,0,IN,1634949257,79.9,88.0,2.89
Parrita,9.5201,-84.3225,0,93,0,0,CR,1634949258,83.98,100.0,1.99
Ormara,25.2088,64.6357,0,26,0,0,PK,1634949258,77.79,0.0,13.13
Sheridan,44.8333,-106.9173,0,39,0,0,US,1634949258,64.78,1.0,1.01
Am Timan,11.0297,20.2827,0,68,0,0,TD,1634949259,75.69,93.0,5.23
The Valley,18.217,-63.0578,0,68,0,0,AI,1634949045,83.1,5.0,21.68
Yerbogachën,61.2767,108.0108,0,88,0,0,RU,1634948675,32.18,65.0,7.67
Atbasar,51.8,68.3333,0,77,0,0,KZ,1634949259,40.23,100.0,22.1
Hwange,-18.3693,26.5019,0,39,0,0,ZW,1634949259,79.48,58.0,1.19
Port Moresby,-9.4431,147.1797,0,74,0,0,PG,1634949260,85.42,75.0,17.27
Al Bardīyah,31.7561,25.0865,0,69,0,0,LY,1634949260,66.09,0.0,0.36
Ilulissat,69.2167,-51.1,0,74,0,0,GL,1634949260,3.74,97.0,8.14
Sinegor'ye,62.0788,150.477,0,93,0,0,RU,1634949260,5.2,99.0,2.77
Hillsborough,37.5741,-122.3794,0,79,0,0,US,1634949166,64.92,40.0,1.99
Little Current,45.9793,-81.9248,0,63,0,0,CA,1634949260,44.65,100.0,5.28
Bambanglipuro,-7.95,110.2833,0,75,0,0,ID,1634949261,68.61,100.0,6.35
Carutapera,-1.195,-46.02,0,93,0,0,BR,1634949162,76.77,87.0,5.86
Ishigaki,24.3448,124.1572,0,69,0,0,JP,1634948672,75.33,75.0,19.57
Kavieng,-2.5744,150.7967,0,68,0,0,PG,1634948744,84.43,57.0,13.94
Moundsville,39.9203,-80.7431,0,95,0,0,US,1634949262,53.17,100.0,3.15
Fairview,40.8126,-73.999,0,67,0,0,US,1634949043,64.22,90.0,0.0
Bagdarin,54.4333,113.6,0,60,0,0,RU,1634949262,33.89,21.0,1.34
Pandan,14.0453,124.1694,0,87,0,0,PH,1634949262,80.06,100.0,11.63
Leningradskiy,69.3833,178.4167,0,85,0,0,RU,1634948449,5.32,24.0,8.19
Peace River,56.2501,-117.286,0,93,0,0,CA,1634949013,43.11,75.0,8.05
Sakaiminato,35.55,133.2333,0,51,0,0,JP,1634949263,60.73,75.0,14.97
Socorro,31.6546,-106.3033,0,28,0,0,US,1634949263,85.1,20.0,5.75
Uddevalla,58.3478,11.9424,0,80,0,0,SE,1634949094,50.22,10.0,6.8
Kupang,-10.1667,123.5833,0,65,0,0,ID,1634949264,85.93,23.0,6.6
La Ronge,55.1001,-105.2842,0,80,0,0,CA,1634948690,34.05,40.0,10.36
Srednekolymsk,67.45,153.6833,0,94,0,0,RU,1634948705,-5.57,38.0,1.43
São João da Barra,-21.6403,-41.0511,0,78,0,0,BR,1634948729,69.91,24.0,7.65
Zhangye,38.9342,100.4517,0,36,0,0,CN,1634949264,47.14,48.0,2.91
Colesberg,-30.72,25.0972,0,47,0,0,ZA,1634949264,52.75,47.0,10.09
Camacha,33.0833,-16.3333,0,68,0,0,PT,1634948437,65.62,40.0,8.05
Tiznit Province,29.5833,-9.5,0,72,0,0,MA,1634949265,61.54,0.0,1.43
Mangan,27.5167,88.5333,0,87,0,0,IN,1634949265,67.78,99.0,0.78
High Level,58.5169,-117.136,0,61,0,0,CA,1634949265,44.71,75.0,10.36
Mount Gambier,-37.8333,140.7667,0,72,0,0,AU,1634949101,57.11,40.0,8.05
Sorong,-0.8833,131.25,0,65,0,0,ID,1634949266,82.98,60.0,4.05
Gizo Government Station,-8.103,156.8419,0,71,0,0,SB,1634948692,83.34,67.0,5.37
Takoradze,4.8845,-1.7554,0,88,0,0,GH,1634949266,76.93,100.0,6.06
Ligayan,4.6533,119.4706,0,80,0,0,PH,1634949266,80.1,100.0,7.0
Brovary,50.5,30.7667,0,66,0,0,UA,1634949267,51.89,5.0,9.98
Velsk,61.0701,42.0983,0,91,0,0,RU,1634949267,38.79,100.0,12.5
Kashan,33.9831,51.4364,0,35,0,0,IR,1634949267,55.89,0.0,0.65
Cap-aux-Meules,47.3821,-61.8597,0,94,0,0,CA,1634949268,59.05,75.0,8.05
Baoro,5.6667,15.9667,0,96,0,0,CF,1634949268,66.65,45.0,2.04
Vila Franca do Campo,37.7167,-25.4333,0,83,0,0,PT,1634948729,70.21,87.0,6.04
St. George's,12.0564,-61.7485,0,83,0,0,GD,1634949268,82.08,40.0,16.11
Henties Bay,-22.116,14.2845,0,88,0,0,NA,1634948748,56.12,0.0,2.15
Virginia Beach,36.8529,-75.978,0,92,0,0,US,1634949236,68.02,89.0,7.52
Healdsburg,38.6105,-122.8692,0,71,0,0,US,1634949269,64.36,40.0,7.0
Baykit,61.67,96.37,0,80,0,0,RU,1634948730,35.1,99.0,11.68
Strelka,58.0728,93.0344,0,69,0,0,RU,1634949269,36.84,100.0,11.1
Bachaquero,9.9694,-71.1494,0,78,0,0,VE,1634949269,80.87,19.0,6.33
Paducah,37.0834,-88.6001,0,79,0,0,US,1634949270,55.62,1.0,0.0
San Juan,-31.5375,-68.5364,0,33,0,0,AR,1634948684,68.14,0.0,18.68
Soma,39.1855,27.6094,0,67,0,0,TR,1634949270,47.61,0.0,0.81
Crotone,39.0851,17.1178,0,100,0,0,IT,1634949270,67.95,0.0,11.5
Darhan,49.4867,105.9228,0,47,0,0,MN,1634949271,36.09,0.0,3.89
Lichinga,-13.3128,35.2406,0,82,0,0,MZ,1634949271,62.69,0.0,6.91
Edd,13.9297,41.6925,0,72,0,0,ER,1634949271,84.11,4.0,5.12
Rafai,4.95,23.9167,0,95,0,0,CF,1634949272,68.31,78.0,1.21
Badiraguato,25.3667,-107.5167,0,68,0,0,MX,1634949272,86.85,0.0,2.55
Kashgar,39.4547,75.9797,0,14,0,0,CN,1634949272,47.41,0.0,15.66
Telimele,10.9167,-13.3333,0,94,0,0,GN,1634949272,70.77,77.0,1.63
Mariehamn,60.0973,19.9348,0,87,0,0,AX,1634949273,39.06,75.0,10.36
Lavrentiya,65.5833,-171.0,0,82,0,0,RU,1634948729,24.73,100.0,13.35
Melito di Porto Salvo,37.9222,15.7714,0,82,0,0,IT,1634949273,73.33,75.0,5.75
Imeni Zhelyabova,58.9544,36.5956,0,88,0,0,RU,1634949273,38.8,97.0,13.78
Halifax,44.6453,-63.5724,0,94,0,0,CA,1634949237,63.41,100.0,4.0
Bilibino,68.0546,166.4372,0,97,0,0,RU,1634949274,-0.9,98.0,2.08
Jacareacanga,-6.2222,-57.7528,0,92,0,0,BR,1634949274,75.22,100.0,2.55
jabiru,0.0,0.0,0,0,0,0,,,,,
Wasilla,61.5814,-149.4394,0,76,0,0,US,1634949141,42.4,1.0,0.0
ust-kamchatsk,0.0,0.0,0,0,0,0,,,,,
chagda,0.0,0.0,0,0,0,0,,,,,
Sakaraha,-22.9,44.5333,0,67,0,0,MG,1634949275,64.33,100.0,4.29
Christchurch,-43.5333,172.6333,0,66,0,0,NZ,1634949275,60.33,40.0,4.0
Jalandhar,31.3256,75.5792,0,50,0,0,IN,1634949261,68.76,6.0,11.43
Chumikan,54.7183,135.315,0,68,0,0,RU,1634949275,40.89,81.0,22.55
Juanjuí,-7.1779,-76.7314,0,74,0,0,PE,1634949276,78.58,80.0,1.28
Igarka,67.4667,86.5833,0,88,0,0,RU,1634949276,33.91,100.0,18.99
Nuuk,64.1835,-51.7216,0,54,0,0,GL,1634948696,29.01,20.0,31.07
Emba,48.8264,58.1442,0,84,0,0,KZ,1634949276,47.08,15.0,14.88
Constitución,-35.3333,-72.4167,0,84,0,0,CL,1634948715,50.05,0.0,14.92
Puri,19.8,85.85,0,61,0,0,IN,1634949277,70.32,79.0,8.08
Volodarskiy,46.4013,48.5409,0,85,0,0,RU,1634949277,48.15,0.0,6.91
Sedro-Woolley,48.5039,-122.2361,0,94,0,0,US,1634949277,55.69,90.0,0.0
Omsukchan,62.5333,155.8,0,78,0,0,RU,1634948693,2.44,98.0,1.43
Rapid Valley,44.0625,-103.1463,0,64,0,0,US,1634949278,53.98,1.0,9.22
Horta,38.5333,-28.6333,0,85,0,0,PT,1634949278,68.49,21.0,9.13
Launceston,-41.45,147.1667,0,92,0,0,AU,1634949278,60.62,90.0,1.99
Sargatskoye,55.6101,73.4972,0,92,0,0,RU,1634949279,40.82,100.0,20.85
Ternate,0.8,127.4,0,71,0,0,ID,1634948698,83.1,90.0,0.22
Kismayo,-0.3582,42.5454,0,80,0,0,SO,1634949279,77.74,19.0,12.1
Vestmanna,62.1564,-7.1664,0,81,0,0,FO,1634949279,43.72,90.0,17.27
Diego de Almagro,-26.3667,-70.05,0,42,0,0,CL,1634949280,57.43,97.0,3.33
Vila Velha,-20.3297,-40.2925,0,88,0,0,BR,1634948474,69.75,40.0,3.44
Santa Maria,-29.6842,-53.8069,0,68,0,0,BR,1634948720,67.3,0.0,2.3
Garoua,9.3,13.4,0,83,0,0,CM,1634949280,75.85,14.0,2.17
Burnie,-41.0667,145.9167,0,65,0,0,AU,1634949105,60.94,91.0,3.8
Isla Vista,34.4133,-119.861,0,78,0,0,US,1634949280,71.96,90.0,18.41
Codrington,-38.2667,141.9667,0,81,0,0,AU,1634949281,55.99,35.0,14.38
Umluj,25.0213,37.2685,0,59,0,0,SA,1634949281,77.56,0.0,11.03
Izumo,35.3667,132.7667,0,51,0,0,JP,1634949281,60.69,40.0,18.41
Bairiki Village,1.3292,172.9752,0,58,0,0,KI,1634949282,87.8,20.0,14.97
Kununurra,-15.7667,128.7333,0,58,0,0,AU,1634949034,89.58,6.0,9.22
higuey,0.0,0.0,0,0,0,0,,,,,
Cockburn Town,21.4612,-71.1419,0,69,0,0,TC,1634949282,82.36,40.0,9.22
Azángaro,-14.9167,-70.2167,0,70,0,0,PE,1634949282,45.82,100.0,11.07
Raudeberg,61.9875,5.1352,0,73,0,0,NO,1634949283,43.86,92.0,3.0
Nhulunbuy,-12.2333,136.7667,0,62,0,0,AU,1634949283,88.41,40.0,9.22
Alta Floresta,-9.8756,-56.0861,0,90,0,0,BR,1634949283,73.74,100.0,2.77
Basse,52.5518,9.5069,0,81,0,0,DE,1634949283,45.19,0.0,10.36
Orzu,37.5593,68.8184,0,51,0,0,TJ,1634949284,39.6,0.0,3.85
Nahariya,33.0059,35.0941,0,66,0,0,IL,1634949265,72.99,0.0,1.99
Scarborough,54.2797,-0.4044,0,87,0,0,GB,1634949013,48.52,70.0,1.01
Khovu-Aksy,51.1333,93.6,0,58,0,0,RU,1634949284,30.67,100.0,1.81
Tateyama,34.9833,139.8667,0,57,0,0,JP,1634949285,66.09,5.0,20.04
Paysandu,-32.3214,-58.0756,0,71,0,0,UY,1634949285,62.38,44.0,11.56
Pundaguitan,6.3711,126.1689,0,75,0,0,PH,1634949285,82.29,100.0,11.68
Nome,64.5011,-165.4064,0,56,0,0,US,1634949285,39.27,90.0,20.71
Xining,36.6167,101.7667,0,80,0,0,CN,1634948736,39.16,85.0,2.51
Asău,46.4333,26.4,0,72,0,0,RO,1634949286,54.75,100.0,4.25
Bulembu,-25.9667,31.1333,0,53,0,0,SZ,1634949286,65.35,0.0,4.25
Flinders,-34.5833,150.8552,0,72,0,0,AU,1634949286,79.81,86.0,4.0
Anadyr,64.75,177.4833,0,85,0,0,RU,1634948738,12.7,90.0,13.0
Nāgod,24.5667,80.6,0,64,0,0,IN,1634949287,67.78,0.0,3.96
Uíge,-7.6087,15.0613,0,97,0,0,AO,1634949287,67.77,100.0,2.84
formoso do araguaia,0.0,0.0,0,0,0,0,,,,,
Saint Anthony,45.0205,-93.218,0,67,0,0,US,1634949288,45.55,90.0,1.01
Yangjiang,21.85,111.9667,0,77,0,0,CN,1634949288,63.34,100.0,8.5
Anito,12.4497,125.2886,0,88,0,0,PH,1634949288,78.93,100.0,7.09
Imbituba,-28.24,-48.6703,0,92,0,0,BR,1634949289,69.82,3.0,11.03
Vila,42.0304,-8.1588,0,91,0,0,PT,1634949289,49.33,0.0,3.76
karaul,0.0,0.0,0,0,0,0,,,,,
Sitka,57.0531,-135.33,0,62,0,0,US,1634948725,49.89,90.0,13.8
Tijāra,27.9333,76.85,0,57,0,0,IN,1634949289,70.84,0.0,5.19
Dunedin,-45.8742,170.5036,0,61,0,0,NZ,1634949290,60.8,81.0,11.99
rawannawi,0.0,0.0,0,0,0,0,,,,,
samalaeulu,0.0,0.0,0,0,0,0,,,,,
Merauke,-8.4667,140.3333,0,63,0,0,ID,1634948690,84.94,78.0,8.88
Kayerkan,69.3497,87.7602,0,96,0,0,RU,1634949290,23.83,100.0,7.45
shaartuz,0.0,0.0,0,0,0,0,,,,,
Sisimiut,66.9395,-53.6735,0,73,0,0,GL,1634948744,21.49,4.0,8.41
São Filipe,14.8961,-24.4956,0,65,0,0,CV,1634949290,80.71,0.0,4.99
Eilat,29.5581,34.9482,0,68,0,0,IL,1634949291,71.44,0.0,13.8
Coruripe,-10.1256,-36.1756,0,86,0,0,BR,1634949291,77.76,1.0,12.03
Wahiawā,21.5028,-158.0236,0,67,0,0,US,1634949291,84.52,75.0,13.8
Cairns,-16.9167,145.7667,0,66,0,0,AU,1634949292,90.07,91.0,9.22
Guane,22.2025,-84.0875,0,85,0,0,CU,1634949292,75.83,100.0,4.9
Olavarría,-36.8927,-60.3225,0,92,0,0,AR,1634949292,57.02,100.0,7.25
Natal,-5.795,-35.2094,0,83,0,0,BR,1634949270,81.25,40.0,9.22
yanchukan,0.0,0.0,0,0,0,0,,,,,
Rocha,-34.4833,-54.3333,0,84,0,0,UY,1634949293,58.26,100.0,4.47
Bowen,-20.0167,148.2333,0,67,0,0,AU,1634949293,86.22,100.0,9.53
Krivosheino,57.3431,83.9261,0,65,0,0,RU,1634949293,35.91,100.0,16.49
Talnakh,69.4865,88.3972,0,97,0,0,RU,1634949294,25.3,100.0,7.83
Lompoc,34.6391,-120.4579,0,85,0,0,US,1634949294,71.74,90.0,10.36
Camacupa,-12.0167,17.4833,0,92,0,0,AO,1634949294,63.27,99.0,4.16
Ovalle,-30.5983,-71.2003,0,66,0,0,CL,1634949294,58.33,0.0,1.45
zabinka,0.0,0.0,0,0,0,0,,,,,
Vostok,46.4856,135.8833,0,59,0,0,RU,1634949295,37.9,29.0,5.44
Hasaki,35.7333,140.8333,0,57,0,0,JP,1634949295,61.29,1.0,15.66
Jalingo,8.8833,11.3667,0,91,0,0,NG,1634949295,75.0,100.0,3.71
Nyūzen,36.9333,137.5,0,61,0,0,JP,1634949296,58.05,32.0,7.45
Russell,32.3502,-85.1999,0,85,0,0,US,1634949296,65.43,1.0,0.0
Iberia,29.9502,-91.7507,0,83,0,0,US,1634949296,79.05,20.0,3.44
Santa Catalina,9.3337,122.8637,0,78,0,0,PH,1634949297,82.02,84.0,2.55
Traverse City,44.7631,-85.6206,0,85,0,0,US,1634949185,46.47,75.0,3.44
Linhares,-19.3911,-40.0722,0,85,0,0,BR,1634949297,69.69,100.0,3.27
Ordubad,38.9059,46.0234,0,44,0,0,AZ,1634949297,35.69,2.0,0.49
Cabedelo,-6.9811,-34.8339,0,78,0,0,BR,1634949298,79.47,14.0,11.27
Ballina,-28.8667,153.5667,0,74,0,0,AU,1634949173,82.58,75.0,10.36
kracheh,0.0,0.0,0,0,0,0,,,,,
Svirstroy,60.7999,33.7248,0,96,0,0,RU,1634949298,38.82,100.0,13.15
Aykhal,66.0,111.5,0,98,0,0,RU,1634948698,15.33,99.0,2.62
Nanortalik,60.1432,-45.2371,0,97,0,0,GL,1634949298,39.0,100.0,9.89
Itoman,26.1247,127.6694,0,54,0,0,JP,1634949299,75.22,75.0,11.5
Paita,-5.0892,-81.1144,0,85,0,0,PE,1634949299,66.52,100.0,13.58
Luba,3.4568,8.5547,0,83,0,0,GQ,1634949299,78.13,100.0,1.3
Hovin,63.1055,10.225,0,90,0,0,NO,1634949300,39.83,100.0,11.7
Olafsvik,64.8945,-23.7142,0,95,0,0,IS,1634948705,44.02,100.0,14.41
Great Falls,47.5002,-111.3008,0,36,0,0,US,1634949300,63.93,1.0,9.22
Grand-Santi,4.25,-54.3833,0,93,0,0,GF,1634948466,75.0,98.0,2.91
Egvekinot,66.3167,-179.1667,0,84,0,0,RU,1634949300,12.63,100.0,5.46
Astoria,46.1879,-123.8313,0,81,0,0,US,1634948701,56.93,75.0,1.01
Keti Bandar,24.1447,67.4497,0,73,0,0,PK,1634949301,79.72,0.0,21.43
Vieste,41.8825,16.175,0,78,0,0,IT,1634949301,61.3,25.0,5.53
Dali,25.7,100.1833,0,93,0,0,CN,1634949302,54.37,87.0,2.57
Maceió,-9.6658,-35.7353,0,94,0,0,BR,1634949303,80.04,20.0,10.36
Mumford,5.2618,-0.759,0,88,0,0,GH,1634949303,77.34,82.0,8.01
Shelburne,44.0787,-80.2041,0,87,0,0,CA,1634949304,41.76,100.0,2.86
Zhigansk,66.7697,123.3711,0,95,0,0,RU,1634949179,19.09,100.0,5.3
Sambava,-14.2667,50.1667,0,93,0,0,MG,1634949304,72.23,15.0,4.09
Port Lincoln,-34.7333,135.8667,0,53,0,0,AU,1634949305,59.72,6.0,16.42
Villamontes,-21.25,-63.5,0,41,0,0,BO,1634949305,84.67,89.0,3.53
Proletarsk,46.7031,41.7192,0,84,0,0,RU,1634949305,53.33,5.0,7.65
Molepolole,-24.4066,25.4951,0,16,0,0,BW,1634949306,65.52,0.0,3.76
Cayenne,4.9333,-52.3333,0,88,0,0,GF,1634949306,78.1,75.0,2.3
Arauco,-37.2463,-73.3175,0,73,0,0,CL,1634949306,53.62,1.0,13.15
Plavsk,53.7094,37.2919,0,68,0,0,RU,1634949306,43.05,99.0,15.41
Atambua,-9.1061,124.8925,0,57,0,0,ID,1634949307,86.58,39.0,3.18
Byron Bay,-28.65,153.6167,0,63,0,0,AU,1634949307,84.06,0.0,11.48
tabialan,0.0,0.0,0,0,0,0,,,,,
Tezu,27.9167,96.1667,0,80,0,0,IN,1634948748,66.9,7.0,3.27
Neryungri,56.6709,124.6491,0,69,0,0,RU,1634949307,33.03,25.0,1.68
Bloomingdale,27.8936,-82.2404,0,78,0,0,US,1634949308,80.51,1.0,1.99
Surgut,61.25,73.4167,0,93,0,0,RU,1634949308,33.98,90.0,8.95
halalo,0.0,0.0,0,0,0,0,,,,,
Ouésso,1.6136,16.0517,0,99,0,0,CG,1634949308,69.57,78.0,0.47
Grindavik,63.8424,-22.4338,0,100,0,0,IS,1634949309,48.15,90.0,13.8
Te Anau,-45.4167,167.7167,0,50,0,0,NZ,1634949309,63.28,99.0,2.35
Shellbrook,53.2168,-106.4011,0,42,0,0,CA,1634949309,34.83,7.0,12.44
Comodoro Rivadavia,-45.8667,-67.5,0,26,0,0,AR,1634949175,58.86,100.0,36.82
Sanarate,14.795,-90.1922,0,95,0,0,GT,1634949310,73.8,28.0,2.57
Lonavla,18.75,73.4167,0,74,0,0,IN,1634949310,73.44,95.0,3.96
Abapó,-18.8333,-63.4667,0,44,0,0,BO,1634949310,78.1,1.0,4.38
Xicoténcatl,23.0167,-98.8833,0,79,0,0,MX,1634949311,83.21,81.0,4.52
Margate,51.3813,1.3862,0,82,0,0,GB,1634949311,51.31,11.0,1.99
San Policarpo,12.1791,125.5072,0,82,0,0,PH,1634949311,79.16,100.0,7.4
karkaralinsk,0.0,0.0,0,0,0,0,,,,,
Lingao,19.9103,109.6859,0,87,0,0,CN,1634949311,68.13,100.0,13.58
Kysyl-Syr,63.8986,122.7617,0,90,0,0,RU,1634949312,32.88,98.0,10.4
Tambopata,-12.7333,-69.1833,0,57,0,0,PE,1634949312,83.16,4.0,2.95
Nelson Bay,-32.7167,152.15,0,64,0,0,AU,1634949099,81.95,0.0,1.99
Puerto Colombia,10.9878,-74.9547,0,77,0,0,CO,1634949312,80.69,7.0,7.23
Alice,27.7523,-98.0697,0,89,0,0,US,1634949313,80.17,75.0,8.05
El Tigre,8.8875,-64.2454,0,87,0,0,VE,1634949313,73.83,100.0,13.38
Avera,33.194,-82.5271,0,55,0,0,US,1634949313,66.7,92.0,7.14
Kattivākkam,13.2167,80.3167,0,78,0,0,IN,1634949314,80.69,90.0,5.1
Bathsheba,13.2167,-59.5167,0,74,0,0,BB,1634949314,83.01,40.0,23.02
Diffa,13.3154,12.6113,0,47,0,0,NE,1634949086,83.89,84.0,1.28
Vaitape,-16.5167,-151.75,0,83,0,0,PF,1634949314,78.39,59.0,21.94
Gachsaran,30.3586,50.7981,0,44,0,0,IR,1634949315,57.29,0.0,0.0
Tighina,46.8306,29.4711,0,50,0,0,MD,1634949315,58.28,100.0,3.15
De Aar,-30.6497,24.0123,0,50,0,0,ZA,1634949315,54.0,51.0,10.92
Springdale,36.1867,-94.1288,0,56,0,0,US,1634949316,66.31,40.0,5.75
Coyhaique,-45.5752,-72.0662,0,65,0,0,CL,1634949061,44.55,75.0,4.61
The Pas,53.8251,-101.2541,0,80,0,0,CA,1634949316,35.62,90.0,3.44
Makungu,-8.7333,35.2833,0,86,0,0,TZ,1634949316,59.2,96.0,1.97
Manatí,18.4275,-66.4921,0,83,0,0,PR,1634949317,81.99,8.0,9.93
Royan,45.6285,-1.0281,0,61,0,0,FR,1634949317,44.78,0.0,9.15
Warah,27.4481,67.7978,0,18,0,0,PK,1634949317,72.68,0.0,6.33
Dillon,34.4166,-79.3712,0,42,0,0,US,1634949312,73.89,41.0,6.78
Conde,-7.2597,-34.9075,0,83,0,0,BR,1634948719,78.26,40.0,6.91
Juneau,58.3019,-134.4197,0,91,0,0,US,1634949182,48.25,90.0,1.99
Chapais,49.7834,-74.8492,0,80,0,0,CA,1634949163,29.98,100.0,3.38
samusu,0.0,0.0,0,0,0,0,,,,,
Poniatowa,51.1798,22.1309,0,73,0,0,PL,1634949318,46.31,94.0,18.92
